Frame, Millseconds, Label, X1, X2, Y1, Y2
1.0,0.03333333333333333,person 0,402,591,225,519
1.0,0.03333333333333333,person 1,1223,1279,147,312
1.0,0.03333333333333333,sports ball 2,540,583,458,502
2.0,0.06666666666666667,person 0,409,597,227,511
2.0,0.06666666666666667,person 1,1220,1279,145,314
2.0,0.06666666666666667,sports ball 2,543,585,465,504
3.0,0.1,person 0,412,600,234,516
3.0,0.1,person 1,1215,1279,146,312
3.0,0.1,sports ball 2,545,587,470,513
4.0,0.13333333333333333,person 0,415,604,237,526
4.0,0.13333333333333333,person 1,1212,1279,146,312
4.0,0.13333333333333333,sports ball 2,548,589,476,518
5.0,0.16666666666666666,person 0,422,611,249,522
5.0,0.16666666666666666,person 1,1212,1280,145,313
5.0,0.16666666666666666,sports ball 2,549,588,483,523
6.0,0.2,person 0,424,617,255,524
6.0,0.2,person 1,1209,1279,143,312
6.0,0.2,sports ball 2,550,589,480,518
7.0,0.23333333333333334,person 0,437,621,264,524
7.0,0.23333333333333334,person 1,1207,1279,143,311
7.0,0.23333333333333334,sports ball 2,549,587,472,514
8.0,0.26666666666666666,person 0,451,623,264,524
8.0,0.26666666666666666,person 1,1204,1275,142,310
8.0,0.26666666666666666,sports ball 2,548,584,467,512
8.0,0.26666666666666666,sports ball 3,551,613,470,507
9.0,0.3,person 0,465,620,263,520
9.0,0.3,person 1,1197,1267,142,312
9.0,0.3,sports ball 2,546,584,470,513
10.0,0.3333333333333333,person 0,465,620,263,517
10.0,0.3333333333333333,person 1,1193,1260,141,312
10.0,0.3333333333333333,sports ball 2,544,582,470,512
11.0,0.3666666666666667,person 0,467,616,260,515
11.0,0.3666666666666667,person 1,1185,1252,141,310
11.0,0.3666666666666667,sports ball 2,540,575,466,506
12.0,0.4,person 0,472,608,259,513
12.0,0.4,person 1,1181,1247,141,308
12.0,0.4,sports ball 2,535,569,467,505
13.0,0.4333333333333333,person 0,481,602,257,510
13.0,0.4333333333333333,person 1,1172,1239,139,310
13.0,0.4333333333333333,sports ball 2,531,568,467,501
14.0,0.4666666666666667,person 0,488,601,254,509
14.0,0.4666666666666667,person 1,1166,1234,135,306
14.0,0.4666666666666667,sports ball 2,526,568,459,499
15.0,0.5,person 0,1158,1230,135,304
15.0,0.5,person 1,499,604,254,501
15.0,0.5,sports ball 2,519,564,455,495
16.0,0.5333333333333333,person 0,500,602,250,494
16.0,0.5333333333333333,person 1,1149,1223,135,298
16.0,0.5333333333333333,sports ball 2,528,562,455,492
17.0,0.5666666666666667,person 0,499,625,245,493
17.0,0.5666666666666667,person 1,1140,1214,132,300
17.0,0.5666666666666667,sports ball 2,528,560,454,486
18.0,0.6,person 0,499,636,242,493
18.0,0.6,person 1,1140,1210,129,296
18.0,0.6,sports ball 2,527,556,448,483
19.0,0.6333333333333334,person 0,499,644,242,489
19.0,0.6333333333333334,person 1,1138,1207,127,293
19.0,0.6333333333333334,sports ball 2,526,558,438,478
20.0,0.6666666666666666,person 0,498,646,243,485
20.0,0.6666666666666666,person 1,1137,1203,122,287
20.0,0.6666666666666666,sports ball 2,524,558,437,478
21.0,0.7,person 0,498,643,245,484
21.0,0.7,person 1,1131,1198,123,286
21.0,0.7,sports ball 2,523,558,434,474
22.0,0.7333333333333334,person 0,501,635,244,482
22.0,0.7333333333333334,person 1,1129,1195,121,285
22.0,0.7333333333333334,sports ball 2,521,556,433,471
23.0,0.7666666666666666,person 0,502,631,245,482
23.0,0.7666666666666666,person 1,1126,1196,121,282
23.0,0.7666666666666666,sports ball 2,522,555,434,469
24.0,0.8,person 0,508,627,245,478
24.0,0.8,person 1,1123,1198,117,283
24.0,0.8,sports ball 2,520,555,433,467
25.0,0.8333333333333334,person 0,507,623,242,473
25.0,0.8333333333333334,person 1,1120,1191,118,282
25.0,0.8333333333333334,sports ball 2,521,549,433,465
25.0,0.8333333333333334,sports ball 3,524,571,431,468
26.0,0.8666666666666666,person 0,501,619,235,465
26.0,0.8666666666666666,person 1,1118,1187,116,285
26.0,0.8666666666666666,sports ball 2,519,549,428,461
27.0,0.9,person 0,499,622,225,467
27.0,0.9,person 1,1116,1182,113,282
28.0,0.9333333333333333,person 0,494,619,221,462
28.0,0.9333333333333333,person 1,1115,1179,113,280
29.0,0.9666666666666667,person 0,490,621,213,459
29.0,0.9666666666666667,person 1,1112,1178,110,278
30.0,1.0,person 0,490,625,213,457
30.0,1.0,person 1,1111,1173,107,278
31.0,1.0333333333333332,person 0,490,632,212,453
31.0,1.0333333333333332,person 1,1109,1171,106,279
32.0,1.0666666666666667,person 0,491,638,210,455
32.0,1.0666666666666667,person 1,1106,1171,107,275
32.0,1.0666666666666667,sports ball 2,517,553,413,452
33.0,1.1,person 0,492,642,211,455
33.0,1.1,person 1,1104,1168,107,276
33.0,1.1,sports ball 2,516,545,413,451
34.0,1.1333333333333333,person 0,493,649,212,455
34.0,1.1333333333333333,person 1,1101,1165,104,276
35.0,1.1666666666666667,person 0,494,651,211,452
35.0,1.1666666666666667,person 1,1100,1164,104,273
36.0,1.2,person 0,500,650,213,449
36.0,1.2,person 1,1097,1162,104,274
37.0,1.2333333333333332,person 0,500,646,212,447
37.0,1.2333333333333332,person 1,1098,1159,102,273
38.0,1.2666666666666668,person 0,504,638,211,438
38.0,1.2666666666666668,person 1,1094,1157,104,276
39.0,1.3,person 0,505,631,210,442
39.0,1.3,person 1,1093,1154,103,272
39.0,1.3,sports ball 2,499,536,382,425
40.0,1.3333333333333333,person 0,510,623,214,438
40.0,1.3333333333333333,person 1,1090,1150,102,268
40.0,1.3333333333333333,sports ball 2,509,541,392,424
41.0,1.3666666666666667,person 0,506,617,212,439
41.0,1.3666666666666667,person 1,1089,1148,99,266
41.0,1.3666666666666667,sports ball 2,506,540,384,423
42.0,1.4,person 0,504,614,211,437
42.0,1.4,person 1,1088,1149,98,267
42.0,1.4,sports ball 2,507,539,385,421
43.0,1.4333333333333333,person 0,501,609,209,439
43.0,1.4333333333333333,person 1,1087,1145,97,267
43.0,1.4333333333333333,sports ball 2,507,537,384,418
44.0,1.4666666666666668,person 0,497,605,206,434
44.0,1.4666666666666668,person 1,1083,1142,94,270
45.0,1.5,person 0,494,600,205,438
45.0,1.5,person 1,1080,1140,95,270
46.0,1.5333333333333332,person 0,492,595,204,438
46.0,1.5333333333333332,person 1,1076,1139,93,265
46.0,1.5333333333333332,sports ball 2,502,540,376,407
47.0,1.5666666666666667,person 0,491,592,203,443
47.0,1.5666666666666667,person 1,1073,1136,93,264
47.0,1.5666666666666667,sports ball 2,502,529,375,400
48.0,1.6,person 0,488,589,205,448
48.0,1.6,person 1,1071,1132,92,263
49.0,1.6333333333333333,person 0,487,587,202,447
49.0,1.6333333333333333,person 1,1066,1131,93,263
50.0,1.6666666666666667,person 0,483,584,200,440
50.0,1.6666666666666667,person 1,1062,1129,91,261
51.0,1.7,person 0,477,581,204,441
51.0,1.7,person 1,1056,1125,89,259
52.0,1.7333333333333332,person 0,474,576,201,441
52.0,1.7333333333333332,person 1,1053,1122,91,258
53.0,1.7666666666666668,person 0,465,567,199,445
53.0,1.7666666666666668,person 1,1049,1118,89,260
54.0,1.8,person 0,458,554,197,445
54.0,1.8,person 1,1045,1116,90,258
55.0,1.8333333333333333,person 0,453,546,196,444
55.0,1.8333333333333333,person 1,1045,1115,89,257
55.0,1.8333333333333333,frisbee 2,515,543,356,384
56.0,1.8666666666666667,person 0,448,543,197,444
56.0,1.8666666666666667,person 1,1044,1115,89,257
56.0,1.8666666666666667,frisbee 2,513,542,354,382
57.0,1.9,person 0,444,540,196,441
57.0,1.9,person 1,1042,1112,89,256
57.0,1.9,frisbee 2,511,541,351,380
58.0,1.9333333333333333,person 0,440,537,196,436
58.0,1.9333333333333333,person 1,1040,1112,90,256
58.0,1.9333333333333333,sports ball 2,512,537,351,382
59.0,1.9666666666666668,person 0,435,532,196,434
59.0,1.9666666666666668,person 1,1036,1110,88,256
60.0,2.0,person 0,433,528,199,434
60.0,2.0,person 1,1033,1108,86,254
60.0,2.0,sports ball 2,512,536,349,377
61.0,2.033333333333333,person 0,430,528,200,433
61.0,2.033333333333333,person 1,1033,1106,88,255
61.0,2.033333333333333,sports ball 2,508,537,349,377
62.0,2.0666666666666664,person 0,428,527,198,435
62.0,2.0666666666666664,person 1,1028,1102,85,255
62.0,2.0666666666666664,sports ball 2,505,536,344,376
63.0,2.1,person 0,427,523,194,428
63.0,2.1,person 1,1024,1098,86,253
63.0,2.1,frisbee 2,501,535,344,371
64.0,2.1333333333333333,person 0,430,523,192,421
64.0,2.1333333333333333,person 1,1017,1093,90,253
64.0,2.1333333333333333,frisbee 2,502,534,345,367
65.0,2.1666666666666665,person 0,434,519,190,421
65.0,2.1666666666666665,person 1,1013,1085,88,253
65.0,2.1666666666666665,frisbee 2,502,532,344,372
66.0,2.2,person 0,435,513,187,418
66.0,2.2,person 1,1007,1078,88,253
66.0,2.2,sports ball 2,496,529,341,373
67.0,2.2333333333333334,person 0,436,510,183,415
67.0,2.2333333333333334,person 1,1002,1073,87,252
67.0,2.2333333333333334,sports ball 2,497,527,340,372
68.0,2.2666666666666666,person 0,435,510,178,413
68.0,2.2666666666666666,person 1,996,1068,87,251
68.0,2.2666666666666666,sports ball 2,495,524,340,373
69.0,2.3,person 0,435,508,176,408
69.0,2.3,person 1,991,1062,89,253
69.0,2.3,sports ball 2,493,521,342,373
70.0,2.3333333333333335,person 0,434,508,174,406
70.0,2.3333333333333335,person 1,984,1058,87,253
70.0,2.3333333333333335,sports ball 2,494,520,340,369
71.0,2.3666666666666667,person 0,433,509,176,405
71.0,2.3666666666666667,person 1,980,1053,87,254
71.0,2.3666666666666667,sports ball 2,493,518,338,368
72.0,2.4,person 0,432,513,176,403
72.0,2.4,person 1,975,1046,89,254
73.0,2.4333333333333336,person 0,430,513,177,403
73.0,2.4333333333333336,person 1,970,1042,89,256
74.0,2.4666666666666663,person 0,966,1037,89,257
74.0,2.4666666666666663,person 1,428,514,175,404
74.0,2.4666666666666663,bench 2,1212,1276,37,59
75.0,2.5,person 0,961,1033,90,257
75.0,2.5,person 1,427,506,178,402
76.0,2.5333333333333337,person 0,424,499,180,403
76.0,2.5333333333333337,person 1,956,1028,91,256
76.0,2.5333333333333337,sports ball 2,486,508,337,362
77.0,2.5666666666666664,person 0,421,496,181,401
77.0,2.5666666666666664,person 1,952,1019,89,256
77.0,2.5666666666666664,sports ball 2,476,500,336,361
78.0,2.6,person 0,413,493,181,398
78.0,2.6,person 1,946,1012,88,251
78.0,2.6,sports ball 2,472,497,334,363
79.0,2.6333333333333333,person 0,409,488,182,398
79.0,2.6333333333333333,person 1,940,1001,85,252
79.0,2.6333333333333333,sports ball 2,462,491,333,362
80.0,2.6666666666666665,person 0,403,483,182,393
80.0,2.6666666666666665,person 1,935,991,86,252
80.0,2.6666666666666665,sports ball 2,460,487,335,360
81.0,2.7,person 0,396,485,178,392
81.0,2.7,person 1,927,983,87,251
81.0,2.7,sports ball 2,457,483,335,362
82.0,2.7333333333333334,person 0,389,485,174,391
82.0,2.7333333333333334,person 1,918,975,86,251
82.0,2.7333333333333334,sports ball 2,455,477,333,360
83.0,2.7666666666666666,person 0,387,485,172,387
83.0,2.7666666666666666,person 1,911,969,85,253
83.0,2.7666666666666666,sports ball 2,451,474,334,360
84.0,2.8,person 0,384,485,171,386
84.0,2.8,person 1,901,963,85,249
85.0,2.8333333333333335,person 0,382,486,170,383
85.0,2.8333333333333335,person 1,892,959,89,251
85.0,2.8333333333333335,sports ball 2,442,464,333,360
86.0,2.8666666666666667,person 0,381,487,168,376
86.0,2.8666666666666667,person 1,889,951,86,253
86.0,2.8666666666666667,person 2,854,962,92,244
86.0,2.8666666666666667,sports ball 3,438,460,334,361
87.0,2.9,person 0,380,487,168,372
87.0,2.9,person 1,859,947,88,250
87.0,2.9,sports ball 2,440,462,331,357
88.0,2.9333333333333336,person 0,381,488,168,382
88.0,2.9333333333333336,person 1,859,945,87,249
88.0,2.9333333333333336,sports ball 2,438,468,325,358
89.0,2.9666666666666663,person 0,385,488,168,386
89.0,2.9666666666666663,person 1,850,941,87,251
89.0,2.9666666666666663,sports ball 2,446,477,324,356
90.0,3.0,person 0,385,489,169,377
90.0,3.0,person 1,857,940,90,251
90.0,3.0,sports ball 2,450,487,318,353
91.0,3.0333333333333337,person 0,387,489,167,381
91.0,3.0333333333333337,person 1,865,938,89,254
91.0,3.0333333333333337,sports ball 2,460,498,319,349
92.0,3.0666666666666664,person 0,390,489,165,383
92.0,3.0666666666666664,person 1,855,935,88,252
92.0,3.0666666666666664,sports ball 2,471,507,316,346
93.0,3.1,person 0,393,489,165,382
93.0,3.1,person 1,858,932,87,254
93.0,3.1,sports ball 2,483,519,319,347
94.0,3.1333333333333333,person 0,396,486,165,383
94.0,3.1333333333333333,person 1,856,929,90,251
94.0,3.1333333333333333,sports ball 2,494,526,322,351
95.0,3.1666666666666665,person 0,398,483,164,381
95.0,3.1666666666666665,person 1,850,926,90,252
95.0,3.1666666666666665,sports ball 2,502,532,322,349
96.0,3.2,person 0,399,478,163,378
96.0,3.2,person 1,849,923,87,249
96.0,3.2,sports ball 2,505,536,320,350
97.0,3.2333333333333334,person 0,399,473,163,381
97.0,3.2333333333333334,person 1,847,915,85,250
97.0,3.2333333333333334,sports ball 2,508,540,318,348
98.0,3.2666666666666666,person 0,398,467,163,371
98.0,3.2666666666666666,person 1,841,909,87,252
98.0,3.2666666666666666,sports ball 2,510,543,317,347
99.0,3.3,person 0,400,473,163,370
99.0,3.3,person 1,836,905,87,251
99.0,3.3,sports ball 2,514,545,317,347
100.0,3.3333333333333335,person 0,402,477,162,371
100.0,3.3333333333333335,person 1,830,899,88,252
100.0,3.3333333333333335,sports ball 2,517,550,319,347
101.0,3.3666666666666667,person 0,405,484,163,369
101.0,3.3666666666666667,person 1,825,897,88,250
101.0,3.3666666666666667,sports ball 2,520,552,319,348
102.0,3.4,person 0,410,497,162,369
102.0,3.4,person 1,822,895,86,251
102.0,3.4,sports ball 2,523,555,320,349
103.0,3.4333333333333336,person 0,414,502,163,369
103.0,3.4333333333333336,person 1,821,894,88,252
103.0,3.4333333333333336,sports ball 2,529,560,323,350
104.0,3.4666666666666663,person 0,415,506,164,370
104.0,3.4666666666666663,person 1,815,892,86,251
104.0,3.4666666666666663,sports ball 2,530,562,323,350
105.0,3.5,person 0,416,510,164,371
105.0,3.5,person 1,817,889,86,252
105.0,3.5,sports ball 2,532,564,322,348
106.0,3.5333333333333337,person 0,414,512,164,371
106.0,3.5333333333333337,person 1,819,888,88,254
106.0,3.5333333333333337,sports ball 2,535,566,320,348
107.0,3.5666666666666664,person 0,414,512,164,369
107.0,3.5666666666666664,person 1,820,885,91,255
107.0,3.5666666666666664,sports ball 2,539,568,320,348
108.0,3.6,person 0,416,506,169,368
108.0,3.6,person 1,823,884,92,257
108.0,3.6,sports ball 2,544,573,323,349
109.0,3.6333333333333333,person 0,417,502,170,364
109.0,3.6333333333333333,person 1,824,884,93,258
109.0,3.6333333333333333,sports ball 2,547,576,327,351
110.0,3.6666666666666665,person 0,419,504,171,362
110.0,3.6666666666666665,person 1,824,883,94,257
110.0,3.6666666666666665,sports ball 2,550,579,326,352
111.0,3.7,person 0,826,882,93,257
111.0,3.7,person 1,423,504,173,362
111.0,3.7,sports ball 2,550,582,324,351
112.0,3.7333333333333334,person 0,430,509,171,364
112.0,3.7333333333333334,person 1,825,881,94,257
112.0,3.7333333333333334,sports ball 2,553,583,323,351
113.0,3.7666666666666666,person 0,442,517,170,362
113.0,3.7666666666666666,person 1,825,881,93,256
113.0,3.7666666666666666,sports ball 2,556,587,322,350
114.0,3.8,person 0,825,881,94,258
114.0,3.8,person 1,454,527,170,362
114.0,3.8,sports ball 2,558,590,322,349
115.0,3.8333333333333335,person 0,462,530,166,360
115.0,3.8333333333333335,person 1,825,880,92,258
115.0,3.8333333333333335,sports ball 2,561,591,322,349
116.0,3.8666666666666667,person 0,470,532,164,362
116.0,3.8666666666666667,person 1,824,881,93,258
116.0,3.8666666666666667,sports ball 2,563,594,323,349
117.0,3.9,person 0,473,537,162,359
117.0,3.9,person 1,824,881,92,258
117.0,3.9,sports ball 2,566,596,321,349
118.0,3.9333333333333336,person 0,477,540,163,357
118.0,3.9333333333333336,person 1,823,882,91,257
118.0,3.9333333333333336,sports ball 2,570,599,319,348
119.0,3.9666666666666663,person 0,479,546,165,357
119.0,3.9666666666666663,person 1,822,882,89,256
119.0,3.9666666666666663,sports ball 2,572,603,318,347
120.0,4.0,person 0,481,556,163,354
120.0,4.0,person 1,822,882,87,255
120.0,4.0,sports ball 2,574,604,316,344
121.0,4.033333333333333,person 0,483,564,160,354
121.0,4.033333333333333,person 1,821,883,87,252
121.0,4.033333333333333,sports ball 2,577,608,314,343
122.0,4.066666666666666,person 0,486,564,163,352
122.0,4.066666666666666,person 1,820,882,86,250
122.0,4.066666666666666,sports ball 2,579,609,315,343
123.0,4.1,person 0,489,563,164,352
123.0,4.1,person 1,819,882,86,249
123.0,4.1,sports ball 2,581,611,315,341
124.0,4.133333333333333,person 0,496,565,163,349
124.0,4.133333333333333,person 1,819,883,85,250
124.0,4.133333333333333,sports ball 2,581,612,314,342
125.0,4.166666666666667,person 0,820,882,84,250
125.0,4.166666666666667,person 1,502,565,162,349
125.0,4.166666666666667,sports ball 2,581,611,314,343
126.0,4.2,person 0,820,881,85,250
126.0,4.2,person 1,511,564,159,344
126.0,4.2,sports ball 2,582,612,314,344
127.0,4.233333333333333,person 0,820,881,86,250
127.0,4.233333333333333,person 1,521,566,157,343
127.0,4.233333333333333,sports ball 2,581,612,313,342
128.0,4.266666666666667,person 0,820,881,84,250
128.0,4.266666666666667,person 1,521,571,156,346
128.0,4.266666666666667,sports ball 2,581,611,312,341
129.0,4.3,person 0,819,880,85,249
129.0,4.3,person 1,517,576,153,342
129.0,4.3,sports ball 2,580,610,311,341
130.0,4.333333333333333,person 0,515,590,153,343
130.0,4.333333333333333,person 1,818,879,83,248
130.0,4.333333333333333,sports ball 2,580,608,307,337
131.0,4.366666666666667,person 0,512,602,148,340
131.0,4.366666666666667,person 1,817,875,82,246
131.0,4.366666666666667,sports ball 2,578,607,309,338
132.0,4.4,person 0,511,604,148,336
132.0,4.4,person 1,814,872,81,247
132.0,4.4,sports ball 2,583,609,307,333
133.0,4.433333333333333,person 0,508,605,148,333
133.0,4.433333333333333,person 1,811,871,78,246
133.0,4.433333333333333,sports ball 2,587,615,301,329
134.0,4.466666666666667,person 0,510,611,152,331
134.0,4.466666666666667,person 1,807,869,79,243
134.0,4.466666666666667,sports ball 2,584,620,297,327
135.0,4.5,person 0,513,601,147,327
135.0,4.5,person 1,806,867,77,242
135.0,4.5,sports ball 2,599,622,296,323
136.0,4.533333333333333,person 0,514,601,146,326
136.0,4.533333333333333,person 1,803,863,76,239
136.0,4.533333333333333,sports ball 2,599,626,290,318
137.0,4.566666666666667,person 0,515,600,146,326
137.0,4.566666666666667,person 1,802,860,74,240
137.0,4.566666666666667,sports ball 2,602,630,288,314
138.0,4.6,person 0,517,588,144,326
138.0,4.6,person 1,800,859,75,242
138.0,4.6,sports ball 2,606,635,285,310
139.0,4.633333333333333,person 0,799,859,76,243
139.0,4.633333333333333,person 1,517,583,144,328
139.0,4.633333333333333,sports ball 2,610,640,285,309
140.0,4.666666666666667,person 0,797,859,77,242
140.0,4.666666666666667,person 1,520,582,142,329
140.0,4.666666666666667,sports ball 2,616,643,285,306
141.0,4.7,person 0,521,584,143,328
141.0,4.7,person 1,796,859,77,243
141.0,4.7,sports ball 2,618,645,285,307
142.0,4.733333333333333,person 0,793,856,79,242
142.0,4.733333333333333,person 1,525,583,141,328
142.0,4.733333333333333,sports ball 2,620,647,286,308
143.0,4.766666666666667,person 0,792,854,77,242
143.0,4.766666666666667,person 1,528,584,143,327
143.0,4.766666666666667,sports ball 2,621,649,284,308
144.0,4.8,person 0,791,854,77,242
144.0,4.8,person 1,530,590,144,325
144.0,4.8,sports ball 2,626,652,282,308
145.0,4.833333333333333,person 0,535,598,143,322
145.0,4.833333333333333,person 1,790,853,77,243
145.0,4.833333333333333,sports ball 2,627,656,276,301
146.0,4.866666666666667,person 0,537,611,140,322
146.0,4.866666666666667,person 1,789,853,78,242
146.0,4.866666666666667,sports ball 2,630,657,277,301
147.0,4.9,person 0,539,613,139,322
147.0,4.9,person 1,789,853,76,242
147.0,4.9,sports ball 2,631,658,273,296
148.0,4.933333333333333,person 0,543,613,139,319
148.0,4.933333333333333,person 1,788,852,78,240
148.0,4.933333333333333,sports ball 2,634,660,273,299
149.0,4.966666666666667,person 0,547,610,140,320
149.0,4.966666666666667,person 1,787,851,80,241
149.0,4.966666666666667,sports ball 2,637,662,275,299
150.0,5.0,person 0,546,607,143,321
150.0,5.0,person 1,788,850,81,242
150.0,5.0,sports ball 2,640,664,276,299
151.0,5.033333333333333,person 0,542,612,144,320
151.0,5.033333333333333,person 1,788,849,82,242
151.0,5.033333333333333,sports ball 2,643,669,274,299
152.0,5.066666666666667,person 0,543,616,139,318
152.0,5.066666666666667,person 1,787,849,83,242
152.0,5.066666666666667,sports ball 2,644,671,272,295
153.0,5.1,person 0,545,623,143,317
153.0,5.1,person 1,787,848,85,242
153.0,5.1,sports ball 2,646,672,272,295
154.0,5.133333333333333,person 0,549,632,143,316
154.0,5.133333333333333,person 1,785,848,85,242
154.0,5.133333333333333,sports ball 2,648,675,270,294
155.0,5.166666666666667,person 0,549,632,144,314
155.0,5.166666666666667,person 1,784,847,86,241
155.0,5.166666666666667,sports ball 2,650,678,268,291
156.0,5.2,person 0,783,847,85,240
156.0,5.2,person 1,549,634,143,313
156.0,5.2,sports ball 2,653,678,266,291
157.0,5.233333333333333,person 0,782,848,86,238
157.0,5.233333333333333,person 1,555,637,141,310
157.0,5.233333333333333,sports ball 2,654,679,265,286
158.0,5.266666666666667,person 0,780,847,84,237
158.0,5.266666666666667,person 1,573,640,143,307
158.0,5.266666666666667,sports ball 2,656,680,265,286
159.0,5.3,person 0,777,846,85,236
159.0,5.3,person 1,569,644,137,306
159.0,5.3,sports ball 2,655,680,264,285
160.0,5.333333333333333,person 0,775,845,86,238
160.0,5.333333333333333,person 1,583,657,133,302
160.0,5.333333333333333,sports ball 2,660,684,260,284
161.0,5.366666666666667,person 0,774,844,87,238
161.0,5.366666666666667,person 1,588,658,128,304
161.0,5.366666666666667,sports ball 2,662,686,260,283
162.0,5.4,person 0,772,843,89,234
162.0,5.4,person 1,587,660,124,298
162.0,5.4,sports ball 2,663,687,259,283
163.0,5.433333333333333,person 0,585,661,125,293
163.0,5.433333333333333,person 1,771,842,91,234
163.0,5.433333333333333,sports ball 2,665,689,258,282
164.0,5.466666666666667,person 0,581,664,129,284
164.0,5.466666666666667,person 1,771,840,92,237
164.0,5.466666666666667,sports ball 2,664,689,259,283
165.0,5.5,person 0,582,665,132,280
165.0,5.5,person 1,768,837,94,239
165.0,5.5,sports ball 2,666,689,259,280
166.0,5.533333333333333,person 0,586,668,135,279
166.0,5.533333333333333,person 1,767,836,94,239
166.0,5.533333333333333,sports ball 2,667,691,258,282
167.0,5.566666666666667,person 0,764,834,93,238
167.0,5.566666666666667,person 1,604,670,137,285
167.0,5.566666666666667,sports ball 2,667,692,258,282
168.0,5.6,person 0,764,832,94,238
168.0,5.6,person 1,614,676,138,282
168.0,5.6,sports ball 2,668,693,256,282
169.0,5.633333333333333,person 0,760,829,95,239
169.0,5.633333333333333,person 1,619,683,136,289
169.0,5.633333333333333,sports ball 2,672,693,255,278
170.0,5.666666666666667,person 0,762,830,95,236
170.0,5.666666666666667,person 1,633,684,136,283
170.0,5.666666666666667,sports ball 2,672,702,243,277
171.0,5.7,person 0,761,827,94,239
171.0,5.7,person 1,635,690,136,282
171.0,5.7,sports ball 2,688,716,221,253
172.0,5.733333333333333,person 0,633,705,136,282
172.0,5.733333333333333,person 1,761,827,94,237
172.0,5.733333333333333,sports ball 2,704,730,204,230
173.0,5.766666666666667,person 0,632,701,138,281
173.0,5.766666666666667,person 1,758,824,93,241
173.0,5.766666666666667,sports ball 2,714,742,189,214
174.0,5.8,person 0,625,701,142,285
174.0,5.8,person 1,757,822,97,240
174.0,5.8,sports ball 2,727,756,172,197
175.0,5.833333333333333,person 0,619,704,144,283
175.0,5.833333333333333,person 1,753,821,97,237
175.0,5.833333333333333,frisbee 2,738,763,158,183
176.0,5.866666666666667,person 0,613,703,143,281
176.0,5.866666666666667,person 1,751,816,95,237
177.0,5.9,person 0,605,698,143,276
177.0,5.9,person 1,748,813,94,237
178.0,5.933333333333333,person 0,597,691,142,279
178.0,5.933333333333333,person 1,744,809,94,239
179.0,5.966666666666667,person 0,590,687,145,284
179.0,5.966666666666667,person 1,739,806,90,240
180.0,6.0,person 0,736,801,90,245
180.0,6.0,person 1,583,682,149,279
181.0,6.033333333333333,person 0,732,797,85,244
181.0,6.033333333333333,person 1,585,679,155,286
182.0,6.066666666666667,person 0,729,790,87,245
182.0,6.066666666666667,person 1,584,675,154,284
183.0,6.1,person 0,726,785,86,246
183.0,6.1,person 1,591,678,152,288
183.0,6.1,sports ball 2,779,798,160,178
184.0,6.133333333333333,person 0,725,777,89,244
184.0,6.133333333333333,person 1,596,682,151,290
184.0,6.133333333333333,sports ball 2,778,800,167,187
185.0,6.166666666666667,person 0,593,684,151,292
185.0,6.166666666666667,person 1,714,778,93,246
185.0,6.166666666666667,sports ball 2,778,801,181,201
186.0,6.2,person 0,603,684,151,295
186.0,6.2,person 1,711,780,98,248
186.0,6.2,sports ball 2,779,802,193,215
187.0,6.233333333333333,person 0,609,681,150,298
187.0,6.233333333333333,person 1,711,783,101,251
187.0,6.233333333333333,sports ball 2,781,806,206,231
188.0,6.266666666666667,person 0,608,673,150,298
188.0,6.266666666666667,person 1,706,781,106,253
188.0,6.266666666666667,sports ball 2,784,807,223,243
189.0,6.3,person 0,601,666,153,300
189.0,6.3,person 1,694,783,113,257
189.0,6.3,sports ball 2,788,811,238,258
190.0,6.333333333333333,person 0,598,662,154,301
190.0,6.333333333333333,person 1,686,785,118,262
190.0,6.333333333333333,sports ball 2,784,808,238,258
191.0,6.366666666666667,person 0,594,660,160,306
191.0,6.366666666666667,person 1,689,783,120,264
191.0,6.366666666666667,sports ball 2,780,802,236,257
192.0,6.4,person 0,688,773,124,262
192.0,6.4,person 1,594,657,163,309
192.0,6.4,sports ball 2,773,796,231,251
193.0,6.433333333333333,person 0,683,766,126,263
193.0,6.433333333333333,person 1,593,657,163,309
193.0,6.433333333333333,sports ball 2,770,791,229,247
194.0,6.466666666666667,person 0,594,658,164,309
194.0,6.466666666666667,person 1,679,762,124,265
194.0,6.466666666666667,sports ball 2,767,789,224,244
195.0,6.5,person 0,595,657,166,307
195.0,6.5,person 1,682,760,124,265
195.0,6.5,sports ball 2,765,788,218,238
196.0,6.533333333333333,person 0,681,754,122,263
196.0,6.533333333333333,person 1,599,655,165,304
196.0,6.533333333333333,sports ball 2,763,787,217,235
197.0,6.566666666666667,person 0,672,753,120,261
197.0,6.566666666666667,person 1,605,655,161,301
197.0,6.566666666666667,sports ball 2,765,785,218,233
198.0,6.6,person 0,668,759,118,256
198.0,6.6,person 1,608,655,159,298
198.0,6.6,sports ball 2,765,785,214,230
199.0,6.633333333333333,person 0,667,763,117,254
199.0,6.633333333333333,person 1,612,657,152,294
199.0,6.633333333333333,sports ball 2,763,783,210,229
200.0,6.666666666666667,person 0,669,765,119,251
200.0,6.666666666666667,person 1,612,659,146,293
200.0,6.666666666666667,sports ball 2,761,782,209,230
201.0,6.7,person 0,675,767,116,252
201.0,6.7,person 1,610,659,144,291
201.0,6.7,sports ball 2,760,781,210,232
202.0,6.733333333333333,person 0,680,774,122,251
202.0,6.733333333333333,person 1,612,661,140,291
202.0,6.733333333333333,sports ball 2,757,780,212,234
203.0,6.766666666666667,person 0,677,778,118,250
203.0,6.766666666666667,person 1,614,670,143,290
203.0,6.766666666666667,sports ball 2,757,778,220,240
204.0,6.8,person 0,683,782,120,248
204.0,6.8,person 1,617,674,141,289
204.0,6.8,sports ball 2,757,780,223,245
205.0,6.833333333333333,person 0,693,789,118,248
205.0,6.833333333333333,person 1,617,676,142,289
206.0,6.866666666666667,person 0,695,793,119,251
206.0,6.866666666666667,person 1,620,679,143,291
206.0,6.866666666666667,sports ball 2,757,779,238,258
207.0,6.9,person 0,708,799,118,252
207.0,6.9,person 1,621,678,145,290
207.0,6.9,sports ball 2,760,780,241,259
208.0,6.933333333333333,person 0,715,801,119,251
208.0,6.933333333333333,person 1,620,673,145,287
208.0,6.933333333333333,sports ball 2,759,780,239,257
209.0,6.966666666666667,person 0,719,804,121,250
209.0,6.966666666666667,person 1,622,675,146,287
209.0,6.966666666666667,sports ball 2,759,780,236,253
210.0,7.0,person 0,719,805,122,251
210.0,7.0,person 1,623,676,145,286
211.0,7.033333333333333,person 0,721,805,122,250
211.0,7.033333333333333,person 1,623,674,141,284
211.0,7.033333333333333,sports ball 2,762,782,229,246
212.0,7.066666666666667,person 0,722,804,119,250
212.0,7.066666666666667,person 1,621,668,137,279
212.0,7.066666666666667,sports ball 2,759,781,224,245
213.0,7.1,person 0,726,805,120,250
213.0,7.1,person 1,621,667,135,275
213.0,7.1,sports ball 2,762,783,226,245
214.0,7.133333333333333,person 0,728,805,117,241
214.0,7.133333333333333,person 1,622,669,133,275
214.0,7.133333333333333,sports ball 2,765,785,225,245
215.0,7.166666666666667,person 0,731,808,116,242
215.0,7.166666666666667,person 1,624,671,128,272
216.0,7.2,person 0,738,810,117,237
216.0,7.2,person 1,627,673,125,270
216.0,7.2,sports ball 2,770,789,219,240
216.0,7.2,sports ball 3,771,790,227,244
217.0,7.233333333333333,person 0,744,813,118,234
217.0,7.233333333333333,person 1,632,676,125,266
217.0,7.233333333333333,sports ball 2,772,792,224,242
218.0,7.266666666666667,person 0,751,814,120,236
218.0,7.266666666666667,person 1,634,683,125,267
219.0,7.3,person 0,755,819,123,232
219.0,7.3,person 1,636,688,124,268
219.0,7.3,sports ball 2,782,801,223,241
220.0,7.333333333333333,person 0,636,690,126,269
220.0,7.333333333333333,person 1,762,827,129,235
221.0,7.366666666666667,person 0,637,695,126,271
221.0,7.366666666666667,person 1,768,830,133,233
222.0,7.4,person 0,636,696,127,274
222.0,7.4,person 1,771,833,133,234
222.0,7.4,sports ball 2,789,812,223,243
223.0,7.433333333333333,person 0,635,700,131,276
223.0,7.433333333333333,person 1,773,838,134,235
223.0,7.433333333333333,sports ball 2,793,815,225,242
224.0,7.466666666666667,person 0,634,701,137,282
224.0,7.466666666666667,person 1,776,842,140,243
225.0,7.5,person 0,630,704,142,285
225.0,7.5,person 1,782,847,144,244
226.0,7.533333333333333,person 0,628,700,150,292
226.0,7.533333333333333,person 1,785,848,153,246
226.0,7.533333333333333,horse 2,787,844,155,244
227.0,7.566666666666667,person 0,627,699,156,295
227.0,7.566666666666667,person 1,787,852,159,248
228.0,7.6,person 0,625,699,157,302
228.0,7.6,person 1,788,853,160,257
229.0,7.633333333333333,person 0,622,699,162,306
229.0,7.633333333333333,person 1,790,852,165,258
230.0,7.666666666666667,person 0,621,700,163,309
230.0,7.666666666666667,person 1,793,853,168,257
231.0,7.7,person 0,620,697,163,309
231.0,7.7,person 1,795,852,170,256
232.0,7.733333333333333,person 0,621,700,163,308
232.0,7.733333333333333,person 1,796,853,171,266
232.0,7.733333333333333,surfboard 2,807,838,210,269
233.0,7.766666666666667,person 0,619,691,162,311
233.0,7.766666666666667,person 1,798,851,172,260
233.0,7.766666666666667,surfboard 2,807,837,213,270
234.0,7.8,person 0,617,687,159,309
234.0,7.8,person 1,797,853,171,259
235.0,7.833333333333333,person 0,615,680,156,309
236.0,7.866666666666667,person 0,614,677,154,306
236.0,7.866666666666667,person 1,803,856,164,256
237.0,7.9,person 0,613,675,153,305
238.0,7.933333333333333,person 0,611,674,154,306
238.0,7.933333333333333,person 1,808,860,166,260
239.0,7.966666666666667,person 0,611,677,153,304
239.0,7.966666666666667,person 1,808,860,161,263
240.0,8.0,person 0,608,681,155,303
240.0,8.0,person 1,808,864,156,262
241.0,8.033333333333333,person 0,606,683,156,304
241.0,8.033333333333333,person 1,811,870,152,255
242.0,8.066666666666666,person 0,605,681,158,305
242.0,8.066666666666666,person 1,814,876,146,256
243.0,8.1,person 0,602,680,157,305
243.0,8.1,person 1,813,878,139,259
244.0,8.133333333333333,person 0,602,675,157,306
244.0,8.133333333333333,person 1,813,887,136,260
245.0,8.166666666666668,person 0,604,674,158,306
245.0,8.166666666666668,person 1,816,888,134,258
246.0,8.2,person 0,603,666,154,306
246.0,8.2,person 1,816,886,128,256
247.0,8.233333333333334,person 0,605,664,154,303
247.0,8.233333333333334,person 1,817,887,124,257
248.0,8.266666666666666,person 0,605,661,150,306
248.0,8.266666666666666,person 1,818,888,119,258
249.0,8.3,person 0,603,659,150,306
249.0,8.3,person 1,819,891,118,258
250.0,8.333333333333334,person 0,599,655,151,305
250.0,8.333333333333334,person 1,818,894,119,260
251.0,8.366666666666665,person 0,595,654,152,304
251.0,8.366666666666665,person 1,823,896,117,259
252.0,8.4,person 0,591,651,149,301
252.0,8.4,person 1,827,896,114,254
253.0,8.433333333333334,person 0,588,648,148,302
253.0,8.433333333333334,person 1,829,897,111,257
254.0,8.466666666666667,person 0,582,642,150,304
254.0,8.466666666666667,person 1,831,897,107,254
255.0,8.5,person 0,575,637,149,302
255.0,8.5,person 1,831,897,102,253
256.0,8.533333333333333,person 0,564,628,151,301
256.0,8.533333333333333,person 1,831,897,101,252
257.0,8.566666666666666,person 0,559,623,151,305
257.0,8.566666666666666,person 1,833,898,100,252
258.0,8.6,person 0,554,619,151,306
258.0,8.6,person 1,835,898,98,251
259.0,8.633333333333335,person 0,552,618,153,306
259.0,8.633333333333335,person 1,836,898,98,251
260.0,8.666666666666666,person 0,553,618,151,306
260.0,8.666666666666666,person 1,837,899,100,252
261.0,8.7,person 0,553,616,149,308
261.0,8.7,person 1,837,898,101,252
262.0,8.733333333333334,person 0,550,617,151,306
262.0,8.733333333333334,person 1,837,897,100,252
263.0,8.766666666666666,person 0,548,614,149,306
263.0,8.766666666666666,person 1,840,896,99,252
264.0,8.8,person 0,544,607,148,308
264.0,8.8,person 1,840,896,99,253
